graph_length,bschema_length,iterations,runtime
1855,102,25,5.518768787384033
173518,2686,284,1970.6305067539215
144225,250,38,444.52475905418396
8623,139,39,32.52240753173828
629,104,33,1.9152891635894775
45801,327,24,151.32847142219543
