file_name,threshold,graph_length,bschema_length,iterations,runtime
TUC_building.ttl,0,1855,102,1,5.429933786392212
bldg_brick_anon.ttl,0,173518,2672,2,1972.9821319580078
bldg_223p_anon.ttl,0,144225,242,1,440.00553798675537
bldg11.ttl,0,8618,136,1,32.56008243560791
dflexlibs_multizone.ttl,0,629,104,1,1.9069397449493408
b59.ttl,0,38982,477,1,108.07490658760071
