file_name,threshold,graph_length,bschema_length,iterations,runtime
TUC_building.ttl,0,1855,102,1,5.498370885848999
bldg_brick_anon.ttl,0,173518,2680,2,1927.8559696674347
bldg_223p_anon.ttl,0,144225,305,1,460.76763558387756
bldg11.ttl,0,8618,136,1,32.02732491493225
dflexlibs_multizone.ttl,0,629,104,1,1.915442705154419
b59.ttl,0,38982,494,1,109.29516410827637
