graph_length,bschema_length,iterations,runtime
1855,102,25,5.518768787384033
173518,2686,284,1970.6305067539215
144225,250,38,444.52475905418396
8623,139,39,32.52240753173828
629,104,33,1.9152891635894775
45801,327,24,151.32847142219543
1855,126,40,10.97124719619751
173518,6712,890,3020.9838519096375
144225,2182,512,4155.955267190933
8623,173,68,45.54024839401245
629,136,57,2.7918541431427
45801,1540,145,327.948379278183
